webtv.feratel.com,la-massana,andorra
webtv.feratel.com,la-massana,andorra
webtv.feratel.com,soldeu,andorra
webtv.feratel.com,canillo,andorra
webtv.feratel.com,grau-roig,andorra
fatcam.dyndns.org,the-valley,anguilla
www.awi.de,ekstrom-ice-shelf,antarctica
no.jpg,bogra,bangladesh
ilm.otepaa.ee,otepaeae,estonia
laura.paide.ee,paide,estonia
lv.raad.tartu.ee,tallinn,estonia
v.angelcam.com,nyeri,kenya
balticlivecam.com,jurmala,latvia
no.jpg,lisbon,portugal
no.jpg,vranje,serbia
img.insecam.org,chacao,venezuela
no.jpg,castelar,argentina
no.jpg,chacabuco,argentina
www.aconcaguanow.com,puente del inca,argentina
iframe.dacast.com,melbourne,australia
IDimgLocationTypeTitelLiveThumbCountryCityLinkIDimgLocationTypeTitelLiveThumbCountryCityLinkno.jpg,melbourne,australia
no.jpg,sydney,australia
www.zincportdouglas.com,whyalla,australia
whycam1.whyalla.com,whyalla,australia
elwoodsc.axiscam.net,elwood,australia
img.insecam.org,haidershofen,austria
no.jpg,vienna,austria
v.angelcam.com,plainfeld,austria
webcam.peilstein.eu,peilstein mühlviertel,austria
webtv.feratel.com,russbach,austria
webtv.feratel.com,saalbach,austria
webtv.feratel.com,salzburg,austria
webtv.feratel.com,st. margarethen im lungau,austria
webtv.feratel.com,wagrain,austria
webtv.feratel.com,mühlbach am hochkönig,austria
webtv.feratel.com,neukirchen,austria
webtv.feratel.com,pfarrwerfen,austria
webtv.feratel.com,radstadt,austria
webtv.feratel.com,rauris,austria
webtv.feratel.com,krimml,austria
webtv.feratel.com,leogang,austria
webtv.feratel.com,hochkönig,austria
webtv.feratel.com,mariapfarr,austria
webtv.feratel.com,mauterndorf,austria
webtv.feratel.com,filzmoos,austria
webtv.feratel.com,flachau,austria
webtv.feratel.com,großarl,austria
webtv.feratel.com,hollersbach,austria
webtv.feratel.com,kaprun,austria
webtv.feratel.com,annaberg-lungötz,austria
webtv.feratel.com,bad gastein,austria
webtv.feratel.com,bad hofgastein,austria
webtv.feratel.com,dorfgastein,austria
webtv.feratel.com,eben im pongau,austria
webtv.feratel.com,hinterstoder,austria
webtv.feratel.com,klaffer am hochficht,austria
webtv.feratel.com,obertraun,austria
webtv.feratel.com,spital am pyhrn,austria
webtv.feratel.com,windischgarsten,austria
webtv.feratel.com,hochkar,austria
webtv.feratel.com,ebensee,austria
webtv.feratel.com,gmunden,austria
webtv.feratel.com,gosau,austria
webtv.feratel.com,grünau im almtal,austria
webtv.feratel.com,annaberg,austria
webtv.feratel.com,wolfsberg,austria
webtv.feratel.com,rennweg,austria
webtv.feratel.com,hermagor,austria
webtv.feratel.com,heiligenblut,austria
webtv.feratel.com,klöch,austria
webtv.feratel.com,halbenrain,austria
webtv.feratel.com,bad radkersburg,austria
webtv.feratel.com,zauchensee,austria
webtv.feratel.com,werfenweng,austria
webtv.feratel.com,wald im pinzgau,austria
webtv.feratel.com,alpbach,austria
webtv.feratel.com,achenkirch,austria
webtv.feratel.com,schönberg-lachtal,austria
webtv.feratel.com,schladming,austria
webtv.feratel.com,schladming,austria
webtv.feratel.com,murau,austria
webtv.feratel.com,axams,austria
webtv.feratel.com,biberwier,austria
webtv.feratel.com,berwang,austria
webtv.feratel.com,fiss,austria
webtv.feratel.com,finkenberg,austria
webtv.feratel.com,fieberbrunn,austria
webtv.feratel.com,fendels,austria
webtv.feratel.com,ellmau,austria
webtv.feratel.com,ehrwald,austria
webtv.feratel.com,brixen im thale,austria
webtv.feratel.com,brandenberg,austria
webtv.feratel.com,kössen,austria
webtv.feratel.com,kramsach,austria
webtv.feratel.com,kitzbühel,austria
webtv.feratel.com,kirchberg,austria
webtv.feratel.com,kaunertal,austria
webtv.feratel.com,kappl,austria
webtv.feratel.com,galtür,austria
webtv.feratel.com,mieders,austria
webtv.feratel.com,mayrhofen,austria
webtv.feratel.com,längenfeld,austria
webtv.feratel.com,lienz,austria
webtv.feratel.com,lermoos,austria
webtv.feratel.com,oetz,austria
webtv.feratel.com,obergurgl,austria
webtv.feratel.com,neustift im stubaital,austria
webtv.feratel.com,neustift im stubaital,austria
webtv.feratel.com,nauders,austria
webtv.feratel.com,mühlbachl,austria
webtv.feratel.com,pertisau,austria
webtv.feratel.com,pill,austria
webtv.feratel.com,reith im alpbachtal,austria
webtv.feratel.com,scheffau am wilden kaiser,austria
webtv.feratel.com,söll am wilden kaiser,austria
webtv.feratel.com,sölden,austria
webtv.feratel.com,steinach am brenner,austria
webtv.feratel.com,st. anton am arlberg,austria
webtv.feratel.com,serfaus,austria
webtv.feratel.com,tannheim,austria
webtv.feratel.com,lech,austria
webtv.feratel.com,riezlern,austria
webtv.feratel.com,lech,austria
webtv.feratel.com,laterns,austria
webtv.feratel.com,klösterle,austria
webtv.feratel.com,wildschönau,austria
webtv.feratel.com,westendorf,austria
webtv.feratel.com,waidring,austria
webtv.feratel.com,maurach,austria
webtv.feratel.com,mönichkirchen,austria
webtv.feratel.com,vienna,austria
webtv.feratel.com,obertauern,austria
webtv.feratel.com,zell am see,austria
webtv.feratel.com,hochfügen,austria
webtv.feratel.com,hintertux,austria
webtv.feratel.com,gerlos,austria
webtv.feratel.com,fügen,austria
webtv.feratel.com,fulpmes,austria
webtv.feratel.com,hochgurgl,austria
webtv.feratel.com,hopfgarten im brixental,austria
webtv.feratel.com,innsbruck,austria
webtv.feratel.com,jerzens,austria
webtv.feratel.com,ischgl,austria
webtv.feratel.com,kitzbühel,austria
webtv.feratel.com,jungholz,austria
webtv.feratel.com,oberstdorf,austria
www.youtube.com,embach,austria
lolu.axiscam.net,laakirchen,austria
jennersdorf.dyndns.org,jennersdorf,austria
loderbichlcam.lofer.at,lofer,austria
webcam.sparkassenplatz.info,innsbruck,austria
untersbergcam1.xlink.at,untersbergbahn,austria
cca.ig-immobilien.com,amstetten,austria
vubcam.selfip.info,bischofshofen-kreuzberg,austria
fischlham.dvrdns.org,gmunden,austria
images.opentopia.com,wagrain,austria
cam1.rauris.net,rauris,austria
www.tannheimertal.at,tannheim,austria
www.packages.at,gastein,austria
webtv.feratel.com,zonhoven,belgium
webtv.feratel.com,lubbeek,belgium
webtv.feratel.com,scherpenheuvel,belgium
webtv.feratel.com,de haan,belgium
webtv.feratel.com,zeebrugge,belgium
steelander.dnsalias.com,harelbeke,belgium
IDimgLocationTypeTitelLiveThumbCountryCityLinkIDimgLocationTypeTitelLiveThumbCountryCityLinkIDimgLocationTypeTitelLiveThumbCountryCityLinkimg.insecam.org,mossoro,brazil
no.jpg,itauna,brazil
www.skylinewebcams.com,porto seguro,brazil
cam1.sliven.net,sliven,bulgaria
no.jpg,halifax,canada
IDimgLocationTypeTitelLiveThumbCountryCityLinkIDimgLocationTypeTitelLiveThumbCountryCityLinkIDimgLocationTypeTitelLiveThumbCountryCityLinkno.jpg,burlington,canada
www.youtube.com,abbotsford,canada
www.kimmirutweather.com,kimmirut,canada
vseacottages.dyndns.org,big bras d'or,canada
cyc.dnsalias.net,chester,canada
www.tpsgc-pwgsc.gc.ca,ottawa,canada
no.jpg,binzhou,china
no.jpg,shenyang,china
no.jpg,nanning,china
no.jpg,osijek,croatia
www.mall.tv,decin,czech republic
www.mall.tv,prague,czech republic
IDimgLocationTypeTitelLiveThumbCountryCityLinkkamera2.konet.cz,blatná,czech republic
webtv.feratel.com,lipno,czech republic
webtv.feratel.com,vrchlabí,czech republic
webtv.feratel.com,deštné v orlických horách,czech republic
webtv.feratel.com,plešivec,czech republic
webtv.feratel.com,klínovec,czech republic
webtv.feratel.com,bublava,czech republic
webtv.feratel.com,janské lázně,czech republic
webtv.feratel.com,černý důl,czech republic
webtv.feratel.com,špindlerův mlýn,czech republic
webtv.feratel.com,pec pod sněžkou,czech republic
webtv.feratel.com,mladé buky,czech republic
webtv.feratel.com,rokytnice nad jizerou,czech republic
webtv.feratel.com,paseky nad jizerou,czech republic
webtv.feratel.com,javorník,czech republic
webtv.feratel.com,ještěd,czech republic
webtv.feratel.com,harrachov,czech republic
webtv.feratel.com,říčky v orlických horách,czech republic
webtv.feratel.com,bílá,czech republic
webtv.feratel.com,vítkovice,czech republic
webtv.feratel.com,vysoké nad jizerou,czech republic
webtv.feratel.com,tanvald,czech republic
webtv.feratel.com,jeseník,czech republic
webtv.feratel.com,olomouc,czech republic
webtv.feratel.com,kouty nad desnou,czech republic
webtv.feratel.com,filipovice,czech republic
webtv.feratel.com,beskydy,czech republic
webtv.feratel.com,malá morávka,czech republic
webtv.feratel.com,malá morávka,czech republic
webtv.feratel.com,karlov,czech republic
webtv.feratel.com,ceska sibir,czech republic
webtv.feratel.com,ramzova,czech republic
webtv.feratel.com,stare mesto,czech republic
webtv.feratel.com,červenohorské sedlo,czech republic
webtv.feratel.com,dolni morava,czech republic
webtv.feratel.com,cervena voda,czech republic
webtv.feratel.com,zelezna ruda,czech republic
webtv.feratel.com,prague,czech republic
webtv.feratel.com,nove mesto na morave,czech republic
webtv.feratel.com,zadov,czech republic
www.cafe-charlotte.cz,boskovice,czech republic
posta.mukolin.cz,kolín,czech republic
webcam.novy-jicin.cz,nový jičín,czech republic
no.jpg,amina,dominican republic
no.jpg,cairo,egypt
no.jpg,al jamaliyah,egypt
no.jpg,al khankah,egypt
no.jpg,al khankah,egypt
www.youtube.com,kittilä,finland
www.youtube.com,kittilä,finland
www.youtube.com,kittilä,finland
tage.kdsoft.fi,vaasa,finland
webcam.teuva.fi,teuva,finland
webcam2.krs.fi,kristinestad,finland
ftp2.innofactor.com,etelä-satama,finland
no.jpg,bains-les-bains,france
IDimgLocationTypeTitelLiveThumbCountryCityLinkIDimgLocationTypeTitelLiveThumbCountryCityLinkIDimgLocationTypeTitelLiveThumbCountryCityLinkIDimgLocationTypeTitelLiveThumbCountryCityLinkIDimgLocationTypeTitelLiveThumbCountryCityLinkIDimgLocationTypeTitelLiveThumbCountryCityLinkno.jpg,lalinde,france
no.jpg,meudon,france
no.jpg,marseille,france
no.jpg,rennes,france
no.jpg,champs-sur-marne,france
webtv.feratel.com,courchevel,france
www.youtube.com,isola,france
www.youtube.com,bourg-saint-maurice,france
camera-c1.obs-azur.fr,cipières,france
webcam-loire.ville-nevers.fr,nevers,france
webcam.st-malo.com,saint-malo,france
webcam.ville-saintes.fr,saintes,france
camera1.mairie-brest.fr,brest,france
schantzwasen.axiscam.net,stosswihr,france
webcam.ampere.inpg.fr,grenoble,france
webcam.ville-gravelines.fr,gravelines,france
webcam1.caplorient.fr,groix island,france
webcam.minatec.grenoble-inp.fr,grenoble,france
barcaggio2.axiscam.net,ersa,france
h2owebcam.axiscam.net,saint-jean-de-losne,france
sbhome63378.dyndns.org,saint-maurice,france
sidecam.obspm.fr,meudon,france
str.grand-nancy.org,nancy,france
images.opentopia.com,cipières,france
static1.chamonet.com,chamonix,france
www.compagniedumontblanc.fr,chamonix,france
www.compagniedumontblanc.fr,chamonix,france
static1.chamonet.com,chamonix,france
IDimgLocationTypeTitelLiveThumbCountryCityLinkimg.insecam.org,nuremberg,germany
img.insecam.org,dresden,germany
img.insecam.org,schofweg,germany
img.insecam.org,neu hacklingen,germany
img.insecam.org,neu hacklingen,germany
img.insecam.org,neu hacklingen,germany
no.jpg,zwickau,germany
no.jpg,stralsund,germany
no.jpg,isenburg,germany
webtv.feratel.com,bayerisch eisenstein,germany
webtv.feratel.com,aschau,germany
webtv.feratel.com,bad birnbach,germany
webtv.feratel.com,bad hindelang,germany
webtv.feratel.com,st. peter-ording,germany
webtv.feratel.com,bad endorf,germany
webtv.feratel.com,bad herrenalb,germany
webtv.feratel.com,meßkirch,germany
webtv.feratel.com,bad salzuflen,germany
webtv.feratel.com,winterberg,germany
webtv.feratel.com,schierke,germany
webtv.feratel.com,wernigerode,germany
webtv.feratel.com,oberwiesenthal,germany
webtv.feratel.com,tegernsee,germany
webtv.feratel.com,schwangau,germany
webtv.feratel.com,schliersee,germany
webtv.feratel.com,prien,germany
webtv.feratel.com,oberstaufen,germany
webtv.feratel.com,bad tölz,germany
webtv.feratel.com,willingen,germany
webtv.feratel.com,hooksiel,germany
webtv.feratel.com,norddeich,germany
webtv.feratel.com,schillig,germany
webtv.feratel.com,bodenmais,germany
webtv.feratel.com,ochsenkopf,germany
webtv.feratel.com,ingolstadt,germany
webtv.feratel.com,bad reichenhall,germany
webtv.feratel.com,bad reichenhall,germany
webtv.feratel.com,bad staffelstein,germany
webtv.feratel.com,bayrischzell,germany
webtv.feratel.com,berchtesgaden,germany
webtv.feratel.com,kochel am see,germany
webtv.feratel.com,lenggries,germany
webtv.feratel.com,münchen,germany
webtv.feratel.com,nuremberg,germany
www.youtube.com,cuxhaven,germany
hotel-seerose.dyndns.org,wilhelmshaven,germany
lsvgzgw1.axiscam.net,günzburg,germany
flugplatz.homelinux.net,großostheim,germany
stadtelstra.dyndns.org,elstra,germany
comfcamp.dyndns.org,tonning,germany
webcam1.luedenscheid.de,lüdenscheid,germany
schwalbenhof.dyndns.info,vollerwiek,germany
stawsee.homeip.net,eschwege,germany
stenzelflyfishing.dyndns.org,pforzheim,germany
webcam.vhs-ehingen.de,ehingen,germany
gdbmarkt.axiscam.net,gadebusch,germany
prinzcam.homeip.net,cochem-zell,germany
r-r-h.dyndns.org,garmisch-partenkirchen,germany
beim-giftmischer.dyndns.org,schmiedefeld,germany
r-r-h.dyndns.org,garmisch-partenkirchen,germany
loescher.dyndns.org,hartenstein,germany
cam.spiegelwald.de,grünhain-beierfeld,germany
schussenried.dyndns.org,bad schussenried,germany
domplatz.dyndns.org,sankt blasien,germany
cam-stadthaus.dacor.de,coburg,germany
gccvideo.dynalias.com,seddiner see,germany
golfwebcam.dyndns.info,weitramsdorf,germany
webcam1.foerdegolfclub.de,flensburg,germany
webcam04.deg.net,deggendorf,germany
dlrg.regiowave.de,braunschweig,germany
goldeneye.garmisch.net,partenkirchen,germany
no.jpg,athens,greece
kalogria.dyndns.org,peloponnese,greece
weathercam.gsis.edu.hk,west point,hong kong
no.jpg,budapest,hungary
webtv.feratel.com,matraszentistvan,hungary
webtv.feratel.com,borsod-abaúj-zemplén,hungary
cam06.deninet.hu,budapest,hungary
cam03.deninet.hu,budapest,hungary
mail.bekescsaba.hu,békéscsaba,hungary
miskolcwebcam.axiscam.net,miskolc,hungary
camera.victoria.hu,budapest,hungary
myndavel.ma.is,akureyri,iceland
vefmyndavel.akureyri.is,akureyri,iceland
webcam-1.faxa.rvk.is,reykjavík,iceland
vefmynd.sksiglo.is,siglufjörður,iceland
no.jpg,daman,india
no.jpg,bengaluru,india
no.jpg,bengaluru,india
no.jpg,bengaluru,india
no.jpg,tehran,iran
no.jpg,tehran,iran
wm.cast-tv.com,jerusalem,israel
public.earthcam.net,jerusalem,israel
IDimgLocationTypeTitelLiveThumbCountryCityLinkIDimgLocationTypeTitelLiveThumbCountryCityLinkwm.cast-tv.com,jerusalem,israel
no.jpg,petah tikva,israel
IDimgLocationTypeTitelLiveThumbCountryCityLinkno.jpg,milan,italy
no.jpg,busto arsizio,italy
no.jpg,brindisi,italy
IDimgLocationTypeTitelLiveThumbCountryCityLinkIDimgLocationTypeTitelLiveThumbCountryCityLinkimg.insecam.org,rome,italy
no.jpg,ivrea,italy
no.jpg,bari,italy
no.jpg,padova,italy
no.jpg,scarlino,italy
www.whatsupcams.com,trieste,italy
www.youtube.com,roccaraso,italy
www.whatsupcams.com,agrate brianza,italy
www.youtube.com,agrate brianza,italy
www.youtube.com,bolzano,italy
webtv.feratel.com,brixen,italy
webtv.feratel.com,bruneck,italy
webtv.feratel.com,bormio,italy
webtv.feratel.com,diano marina,italy
webtv.feratel.com,riva del garda,italy
webtv.feratel.com,brenzone,italy
webtv.feratel.com,sexten,italy
webtv.feratel.com,madonna di campiglio,italy
webtv.feratel.com,dimaro folgarida,italy
webtv.feratel.com,veneto,italy
webtv.feratel.com,montagna,italy
webtv.feratel.com,obereggen,italy
webtv.feratel.com,ratschings,italy
webtv.feratel.com,schnalstal,italy
webtv.feratel.com,veneto,italy
webtv.feratel.com,tarvisio,italy
www.youtube.com,venice,italy
webcam.hotelbibionepalace.it,lignano sabbiadoro,italy
camorto.unife.it,ferrara,italy
grottammare.topnet.it,grottammare,italy
cvcogoleto.dyndns.org,cogoleto,italy
sebino.selfip.org,castro,italy
buffaure.realcam.it,pozza di fassa,italy
webcam1.comune.ra.it,ravenna,italy
webcam.hotelchiaia.com,naples,italy
images.webcams.travel,camigliatello,italy
IDimgLocationTypeTitelLiveThumbCountryCityLinkIDimgLocationTypeTitelLiveThumbCountryCityLinkIDimgLocationTypeTitelLiveThumbCountryCityLinkIDimgLocationTypeTitelLiveThumbCountryCityLinkIDimgLocationTypeTitelLiveThumbCountryCityLinkIDimgLocationTypeTitelLiveThumbCountryCityLinkIDimgLocationTypeTitelLiveThumbCountryCityLinkIDimgLocationTypeTitelLiveThumbCountryCityLinkIDimgLocationTypeTitelLiveThumbCountryCityLinkno.jpg,tokyo,japan
no.jpg,utsunomiya,japan
no.jpg,tokyo,japan
no.jpg,tokyo,japan
no.jpg,nagano,japan
no.jpg,osaka,japan
no.jpg,gifu,japan
www.youtube.com,tokyo,japan
www.youtube.com,tokyo,japan
www.youtube.com,ishikawa,japan
cam03.kaifu-intra.jp,kaifu,japan
cam10.kaifu-intra.jp,kaifu,japan
cam12.kaifu-intra.jp,shishikui,japan
mare.miemasu.net,kure,japan
webcam.hitp.ac.jp,hiroshima prefecture,japan
ito-marinetown.miemasu.net,ito,japan
hyobandos.miemasu.net,suginami,japan
daishin2.miemasu.net,kobe,japan
wcn.kankou.yamagata.yamagata.jp,yamagata,japan
camera.hakodate.or.jp,hakodate,japan
ksc.miemasu.net,osaka,japan
camera.kkbtv.com,kagoshima,japan
hkcenter.miemasu.net,maniwa,japan
cam6469994.miemasu.net,iwaki,japan
niji.miemasu.net,takamatsu,japan
kjykuukou.aa0.netvolante.jp,kitsuki,japan
takpsiwayacamg.mydns.jp,tamba city,japan
kjyhayami.aa0.netvolante.jp,kitsuki,japan
hayamamarina.moe.hm,hayama,japan
webcam00.city.uwajima.ehime.jp,uwajima,japan
cm3.town.yamato.kumamoto.jp,yamato,japan
shizenkan.iobb.net,asahi cho,japan
hanaan.miemasu.net,nikko,japan
kanmuri.miemasu.net,oota,japan
tajima-airportterm.miemasu.net,tajima,japan
cam-yokohama.miemasu.net,yokohama,japan
ikkyuu-webcam.miemasu.net,tsuruoka,japan
hodaigi.miemasu.net,minakami,japan
miyanomori.miemasu.net,sapporo,japan
ogotoyc.miemasu.net,otsu,japan
ojiro.miemasu.net,mikata,japan
kitakabe.miemasu.net,toyooka,japan
live1.aile-toyooka.jp,toyooka,japan
live1.aile-toyooka.jp,toyooka,japan
yahiko-yoshidaya.mydns.jp,yahiko-mura,japan
cam4.city.kuji.iwate.jp,kuji,japan
cam06.kaifu-intra.jp,mugi,japan
cam05.kaifu-intra.jp,mugi,japan
cam04.kaifu-intra.jp,kaifu,japan
cam02.kaifu-intra.jp,kaiyou cho,japan
cam01.kaifu-intra.jp,hakone,japan
cam09.kaifu-intra.jp,kaifu,japan
cam11.kaifu-intra.jp,kaiyou cho,japan
view.city.wajima.ishikawa.jp,wajima,japan
komachi-dam.com,ono,japan
kjykunisa.aa0.netvolante.jp,kunisaki,japan
cam61021.miemasu.net,biei,japan
cam118317.miemasu.net,fukuyama,japan
vso.aa0.netvolante.jp,asakusa,japan
sogenji.dip.jp,furuichi,japan
shintoku.miemasu.net,shintoku,japan
city-ginowan-okinawa.miemasu.net,ginowan,japan
cam2.town.aizumisato.fukushima.jp,aizumisato,japan
cam6284208.miemasu.net,kawagoe,japan
ikujien.miemasu.net,tokyo,japan
horiemarine.ddo.jp,horiecho,japan
angel-g.miemasu.net,yuzawa,japan
mino-park-c.city.mitoyo.lg.jp,mitoyo,japan
minamidegawacamera.town.wakayama-hidaka.lg.jp,hidaka,japan
sagamiharagreen.miemasu.net,sagamihara,japan
kurogi-ofuji.miemasu.net,kurogimachi kurogi,japan
ssmashina.miemasu.net,ashina,japan
nichiren.st.wakwak.ne.jp,sado,japan
isapa.info,hyuga,japan
mw-otaru.miemasu.net,otaru,japan
214.253.118.219.megaegg.ne.jp,hiroshima,japan
cam98462.miemasu.net,nishi izu,japan
camera.shinkansen.mydns.jp,kasuga city,japan
marinetopia.miemasu.net,miyazu,japan
miyanoura.miemasu.net,miyanoura,japan
shiretoko.miemasu.net,shiretoko,japan
monzen.city.wajima.ishikawa.jp,wajima,japan
camera19.city.tarumizu.kagoshima.jp,tarumizu,japan
IDimgLocationTypeTitelLiveThumbCountryCityLinkno.jpg,seoul,south korea
no.jpg,seoul,south korea
no.jpg,seoul,south korea
no.jpg,seoul,south korea
no.jpg,seoul,south korea
no.jpg,seoul,south korea
aassd.viewnetcam.com,seoul,south korea
no.jpg,kuala lumpur,malaysia
img.insecam.org,mexico city,mexico
img.insecam.org,mexico city,mexico
IDimgLocationTypeTitelLiveThumbCountryCityLinkno.jpg,mexicali,mexico
webcams.hotelcozumel.com.mx,san miguel cozumel island,mexico
IDimgLocationTypeTitelLiveThumbCountryCityLinkIDimgLocationTypeTitelLiveThumbCountryCityLinkIDimgLocationTypeTitelLiveThumbCountryCityLinkIDimgLocationTypeTitelLiveThumbCountryCityLinkIDimgLocationTypeTitelLiveThumbCountryCityLinkIDimgLocationTypeTitelLiveThumbCountryCityLinkIDimgLocationTypeTitelLiveThumbCountryCityLinkimg.insecam.org,urk,netherlands
no.jpg,naaldwijk,netherlands
live.netcamviewer.nl,hoorn,netherlands
www.youtube.com,castricum,netherlands
www.youtube.com,castricum,netherlands
www.youtube.com,oost-vlieland,netherlands
www.youtube.com,zandvoort,netherlands
cam-cityhall1.delft.nl,delft,netherlands
webtv.feratel.com,drimmelen,netherlands
www.youtube.com,hoek van holland,netherlands
www.youtube.com,driebergen-rijsenburg,netherlands
www.youtube.com,mierlo-hout,netherlands
www.youtube.com,amersfoort,netherlands
www.youtube.com,amersfoort,netherlands
www.youtube.com,amersfoort,netherlands
www.youtube.com,amersfoort,netherlands
www.youtube.com,pieterburen,netherlands
www.youtube.com,katwijk,netherlands
www.youtube.com,amsterdam,netherlands
www.youtube.com,sittard,netherlands
camera.sliedrecht.nl,sliedrecht,netherlands
tuincam.bt.tudelft.nl,delft,netherlands
members.multiweb.nl,bergen aan zee,netherlands
IDimgLocationTypeTitelLiveThumbCountryCityLinkIDimgLocationTypeTitelLiveThumbCountryCityLinkno.jpg,oslo,norway
img.insecam.org,tonsberg,norway
no.jpg,jessheim,norway
mehamn.axiscam.net,mehamn,norway
mail.os-ho.kommune.no,osøyro,norway
webcam.fitjar.kommune.no,fitjar,norway
sbf1.axiscam.net,torvastad,norway
sbf1.axiscam.net,torvastad,norway
bjarneweb.hopto.org,lovund,norway
webkamera.vesteralskraft.no,sortland,norway
kamera.vadso.kommune.no,vadsø,norway
cam.linpro.no,oslo,norway
webcam.datainstituttet.no,sandane,norway
hoybakken.dyndns.org,hoybakken,norway
oyna.dyndns.biz,andabeløy,norway
84.16.193.181.nteb.no,grong,norway
honningsvag.axiscam.net,honningsvåg,norway
drobak.mine.nu,drøbak,norway
skolten.info,sirevåg,norway
mehamn.axiscam.net,mehamn,norway
sbf.axiscam.net,haugesund,norway
no.jpg,sialkot,pakistan
IDimgLocationTypeTitelLiveThumbCountryCityLinkIDimgLocationTypeTitelLiveThumbCountryCityLinkwww.youtube.com,warsaw,poland
kamery.darlowo.pl,darłowo,poland
most.gizycko.pl,gizycko,poland
kamera01.arka-mega.pl,kołobrzeg,poland
rcswebcam.no-ip.info,aldeia da serra,portugal
prince.dallnet.ro,bucharest,romania
ru-auto.unitbv.ro,brașov,romania
no.jpg,novosibirsk,russian federation
axis.udm.net,izhevsk,russian federation
cam1.belogorsk.net,belogorsk,russian federation
camera.butovo.com,butovo,russian federation
campus.tusur.ru,tomsk,russian federation
cam1.infolink.ru,monino,russian federation
cam1.belogorsk.net,belogorsk,russian federation
doma-invest.axiscam.net,saint petersburg,russian federation
no.jpg,riyadh,saudi arabia
no.jpg,singapore,singapore
no.jpg,singapore,singapore
no.jpg,singapore,singapore
no.jpg,singapore,singapore
webtv.feratel.com,belá-dulice,slovakia
webtv.feratel.com,krompachy,slovakia
webtv.feratel.com,valča,slovakia
www.youtube.com,michalovce,slovakia
www.youtube.com,kranjska gora,slovenia
www.youtube.com,kranjska gora,slovenia
www.youtube.com,kranjska gora,slovenia
www.youtube.com,kranjska gora,slovenia
IDimgLocationTypeTitelLiveThumbCountryCityLinkIDimgLocationTypeTitelLiveThumbCountryCityLinkIDimgLocationTypeTitelLiveThumbCountryCityLinkIDimgLocationTypeTitelLiveThumbCountryCityLinkIDimgLocationTypeTitelLiveThumbCountryCityLinkIDimgLocationTypeTitelLiveThumbCountryCityLinkIDimgLocationTypeTitelLiveThumbCountryCityLinkIDimgLocationTypeTitelLiveThumbCountryCityLinkno.jpg,pretoria,south africa
IDimgLocationTypeTitelLiveThumbCountryCityLinkIDimgLocationTypeTitelLiveThumbCountryCityLinkIDimgLocationTypeTitelLiveThumbCountryCityLinkimg.insecam.org,madrid,spain
img.insecam.org,madrid,spain
no.jpg,ourense,spain
no.jpg,valladolid,spain
webtv.feratel.com,camarena de la sierra,spain
webtv.feratel.com,valdelinares,spain
webtv.feratel.com,cambrils,spain
webtv.feratel.com,panticosa,spain
webtv.feratel.com,vall de boi,spain
webtv.feratel.com,cerler,spain
webtv.feratel.com,formigal,spain
sanpedro.dyndns.biz,colonia de sant pere,spain
meteobunyol.axiscam.net,buñol,spain
webcamsantander.axiscam.net,santander,spain
concelloallariz.no-ip.info,allariz,spain
telecentre.no-ip.org,l'atmella de mar,spain
csf4utnf.dyndns.org,el médano,spain
telecentre.no-ip.org,l'atmella de mar,spain
meteogasteiz.dyndns.org,vitoria-gasteiz,spain
oviso.axiscam.net,barcelona,spain
iris.not.iac.es,san cristóbal de la laguna,spain
www.tamariu.eu,tamariu,spain
IDimgLocationTypeTitelLiveThumbCountryCityLinkimg.insecam.org,stockholm,sweden
webbkamera.ljusnarsberg.se,kopparberg,sweden
webcam1.vilhelmina.se,vilhelmina,sweden
livecam.norran.se,skellefteå,sweden
kamera.skarsa.se,skärså,sweden
gammliakameran.net.umea.se,umeå,sweden
smogen.axiscam.net,smögen,sweden
webcam3.vilhelmina.se,vilhelmina,sweden
nydalakameran.net.umea.se,umeå,sweden
sunpine2.indicate.se,piteå,sweden
axis-a5e1a5.axiscam.net,göteborg,sweden
webcam2.vilhelmina.se,vilhelmina,sweden
noliakameran.net.umea.se,umeå,sweden
camlugnetthus.falun.se,falun,sweden
images.opentopia.com,strömstad,sweden
www.stenestad-vader.se,stenestad,sweden
IDimgLocationTypeTitelLiveThumbCountryCityLinkIDimgLocationTypeTitelLiveThumbCountryCityLinklaterrasse.stvs.ch,interlaken,switzerland
lesmartinets.dyndns.org,zürich,switzerland
playercdn-earthtv.akamaized.net?autoplay=true&amp;channel=live&amp;live=true&amp;location_id=GEN&amp;token=5959ff1dbbf047307b1a06ec&amp;livesd=http,geneva,switzerland
www.youtube.com,verbier,switzerland
cam2.zurich-airport.com,zürich,switzerland
www.youtube.com,schaffhausen,switzerland
www.youtube.com,lausanne,switzerland
www.youtube.com,nyon,switzerland
www.youtube.com,lausanne,switzerland
acla.viewnetcam.com,vaz/obervaz,switzerland
marti-adelboden.dyndns.org,adelboden,switzerland
webtv.feratel.com,lenk im simmental,switzerland
webtv.feratel.com,adelboden,switzerland
webtv.feratel.com,grindelwald,switzerland
webtv.feratel.com,basel,switzerland
webtv.feratel.com,gstaad,switzerland
webtv.feratel.com,fiescheralp,switzerland
webtv.feratel.com,fiesch,switzerland
webtv.feratel.com,bettmeralp,switzerland
webtv.feratel.com,bad ragaz,switzerland
webtv.feratel.com,zermatt,switzerland
webtv.feratel.com,riederalp,switzerland
webtv.feratel.com,wiler,switzerland
webtv.feratel.com,zürich,switzerland
webtv.feratel.com,gstaad,switzerland
webtv.feratel.com,gstaad,switzerland
webtv.feratel.com,geneve,switzerland
webtv.feratel.com,wengen,switzerland
webtv.feratel.com,st. moritz,switzerland
webtv.feratel.com,surcuolm,switzerland
webtv.feratel.com,flühli,switzerland
webtv.feratel.com,stoos,switzerland
webtv.feratel.com,wangs,switzerland
webtv.feratel.com,paradiso,switzerland
www.youtube.com,chandolin,switzerland
www.youtube.com,adelboden,switzerland
www.youtube.com,verbier,switzerland
aps-m.axiscam.net,frauenfeld,switzerland
cam002.ethz.ch,zürich,switzerland
images.webcams.travel,davos platz,switzerland
images.webcams.travel,st. moritz,switzerland
images.webcams.travel,silvaplana,switzerland
images.webcams.travel,brusio,switzerland
images.webcams.travel,maloja,switzerland
images.webcams.travel,poschiavo,switzerland
images.webcams.travel,zermatt,switzerland
images.webcams.travel,zermatt,switzerland
images.webcams.travel,zermatt,switzerland
images.webcams.travel,blatten,switzerland
images.webcams.travel,saas-fee,switzerland
images.webcams.travel,zermatt,switzerland
images.webcams.travel,zermatt,switzerland
images.webcams.travel,zermatt,switzerland
images.webcams.travel,bos-cha,switzerland
images.webcams.travel,bivio,switzerland
images.webcams.travel,bergün,switzerland
www.robiei.ch,val bavona,switzerland
images.webcams.travel,airolo,switzerland
images.webcams.travel,arosa,switzerland
images.webcams.travel,arosa,switzerland
images.webcams.travel,bettmeralp,switzerland
images.webcams.travel,bettmeralp,switzerland
images.webcams.travel,bettmeralp,switzerland
images.webcams.travel,bettmeralp,switzerland
images.webcams.travel,bellwald,switzerland
images.webcams.travel,bellwald,switzerland
images.webcams.travel,belalp,switzerland
images.webcams.travel,belalp,switzerland
images.webcams.travel,anzère,switzerland
images.webcams.travel,blatten,switzerland
images.webcams.travel,arolla,switzerland
images.webcams.travel,grächen,switzerland
images.webcams.travel,zermatt,switzerland
images.webcams.travel,grächen,switzerland
images.webcams.travel,grächen,switzerland
swiss4.dyndns.org,ladir,switzerland
images.webcams.travel,zermatt,switzerland
www.webcam-4insiders.com,riederalp,switzerland
satpro.dyndns.org,lignières,switzerland
regacam1.tagblatt.com,sankt gallen,switzerland
regacam2.tagblatt.com,sankt gallen,switzerland
webcam.msinformatik.ch,appenzell,switzerland
lesmartinets.dyndns.org,bex,switzerland
webcam.wauwilermoos.lu.ch,egolzwil,switzerland
klosterplatz.selfip.info,sankt gallen,switzerland
friwash.ath.cx,papiermuhle,switzerland
schoenaugarage.dyndns.org,urnäsch,switzerland
friwash.ath.cx,papiermuhle,switzerland
wc-heli.chuv.ch,lausanne,switzerland
axis_648127.axiscam.net,thun,switzerland
webcam2.winadm.ch,winterthur,switzerland
biberstein.viewnetcam.com,däniken,switzerland
axis-lyss.axiscam.net,lyss,switzerland
webcam-roggwil1.bioforce.ch,roggwil,switzerland
lohnerhuette.dyndns.org,adelboden,switzerland
alcensocam.axiscam.net,claro,switzerland
webcam-roggwil2.bioforce.ch,roggwil,switzerland
webcam-rade.ville-ge.ch,geneva,switzerland
kiesinsel.cnlab.ch,rapperswil-jona,switzerland
axis-206m.axiscam.net,tafers,switzerland
cam.hotel-delphin.ch,meisterschwanden,switzerland
golfvuissens18.axiscam.net,vuissens,switzerland
nfh2008.dyndns.org,mollis,switzerland
alp.comtronic.ch,alpnach,switzerland
www.blorange.com,champoussin,switzerland
www.ultrasoft.ch,kleine scheidegg,switzerland
no.jpg,taipei,taiwan
IDimgLocationTypeTitelLiveThumbCountryCityLinkIDimgLocationTypeTitelLiveThumbCountryCityLinkIDimgLocationTypeTitelLiveThumbCountryCityLinkIDimgLocationTypeTitelLiveThumbCountryCityLinkIDimgLocationTypeTitelLiveThumbCountryCityLinkIDimgLocationTypeTitelLiveThumbCountryCityLinkIDimgLocationTypeTitelLiveThumbCountryCityLinkIDimgLocationTypeTitelLiveThumbCountryCityLinkIDimgLocationTypeTitelLiveThumbCountryCityLinkIDimgLocationTypeTitelLiveThumbCountryCityLinkno.jpg,ban talat bueng,thailand
no.jpg,bangkok,thailand
IDimgLocationTypeTitelLiveThumbCountryCityLinkno.jpg,sapphaya,thailand
www.youtube.com,bangkok,thailand
www.youtube.com,koh samui,thailand
www.youtube.com,koh samui,thailand
cctvvrk.egat.com,thong pha phum,thailand
no.jpg,didim,turkey
no.jpg,adana,turkey
IDimgLocationTypeTitelLiveThumbCountryCityLinkworldcams.tv,inverness,united kingdom
IDimgLocationTypeTitelLiveThumbCountryCityLinkIDimgLocationTypeTitelLiveThumbCountryCityLinkIDimgLocationTypeTitelLiveThumbCountryCityLinkIDimgLocationTypeTitelLiveThumbCountryCityLinkIDimgLocationTypeTitelLiveThumbCountryCityLinkIDimgLocationTypeTitelLiveThumbCountryCityLinkIDimgLocationTypeTitelLiveThumbCountryCityLinkrtsp.me,london,united kingdom
content.jwplatform.com,aberchirder,united kingdom
content.jwplatform.com,dawlish,united kingdom
no.jpg,spalding,united kingdom
no.jpg,edinburgh,united kingdom
no.jpg,london,united kingdom
no.jpg,belfast,united kingdom
img.insecam.org,london,united kingdom
no.jpg,middlesbrough,united kingdom
no.jpg,grimbsy,united kingdom
www.youtube.com,edinburgh,united kingdom
fybmovecam1.axiscam.net,falmouth,united kingdom
videostream.mdh-insurance.co.uk,bedford,united kingdom
mbewebcam.rhul.ac.uk,egham hill,united kingdom
www.glasgow.gov.uk,glasgow,united kingdom
westcoastsurf.viewnetcam.com,abersoch,united kingdom
roofcam.warwick.ac.uk,warwick,united kingdom
catbells.viewnetcam.com,keswick,united kingdom
burnhamonsea.axiscam.net,burnham-on-sea,united kingdom
fybmovecam2.axiscam.net,falmouth,united kingdom
amilaweb.ra.phy.cam.ac.uk,cambridge,united kingdom
dalemoorings.axiscam.net,haverfordwest,united kingdom
riversideboscastle.viewnetcam.com,boscastle,united kingdom
fuscos.dyndns.tv,whitby,united kingdom
webcam.dundeecity.gov.uk,dundee,united kingdom
www.ustream.tv,monterey,united states
IDimgLocationTypeTitelLiveThumbCountryCityLinkIDimgLocationTypeTitelLiveThumbCountryCityLinkno.jpg,southaven,united states
IDimgLocationTypeTitelLiveThumbCountryCityLinkIDimgLocationTypeTitelLiveThumbCountryCityLinkIDimgLocationTypeTitelLiveThumbCountryCityLinkIDimgLocationTypeTitelLiveThumbCountryCityLinkIDimgLocationTypeTitelLiveThumbCountryCityLinkv.angelcam.com,naples,united states
v.angelcam.com,naples,united states
v.angelcam.com,naples,united states
share.earthcam.net,naples,united states
zssd-condorhd.player.camzonecdn.com,san diego,united states
zssd-owlburrow.player.camzonecdn.com,san diego,united states
zssd-owlaviary.player.camzonecdn.com,san diego,united states
zssd-kijami.player.camzonecdn.com,san diego,united states
zssd-platypus.player.camzonecdn.com,san diego,united states
zssd-tiger.player.camzonecdn.com,san diego,united states
zssd-hippo.secureplayer.camzonecdn.com,san diego,united states
zssd-penguin.secureplayer.camzonecdn.com,san diego,united states
zssd-baboon.secureplayer.camzonecdn.com,san diego,united states
zssd-koala.secureplayer.camzonecdn.com,san diego,united states
polarplunge.secureplayer.camzonecdn.com,san diego,united states
elephants.player.camzonecdn.com,san diego,united states
ape.secureplayer.camzonecdn.com,san diego,united states
IDimgLocationTypeTitelLiveThumbCountryCityLinkIDimgLocationTypeTitelLiveThumbCountryCityLinkIDimgLocationTypeTitelLiveThumbCountryCityLinkIDimgLocationTypeTitelLiveThumbCountryCityLinkIDimgLocationTypeTitelLiveThumbCountryCityLinkIDimgLocationTypeTitelLiveThumbCountryCityLinkIDimgLocationTypeTitelLiveThumbCountryCityLinkIDimgLocationTypeTitelLiveThumbCountryCityLinkIDimgLocationTypeTitelLiveThumbCountryCityLinkIDimgLocationTypeTitelLiveThumbCountryCityLinkipcamlive.com,los angeles,united states
ipcamlive.com,los angeles,united states
IDimgLocationTypeTitelLiveThumbCountryCityLinkIDimgLocationTypeTitelLiveThumbCountryCityLinkIDimgLocationTypeTitelLiveThumbCountryCityLinkIDimgLocationTypeTitelLiveThumbCountryCityLinkIDimgLocationTypeTitelLiveThumbCountryCityLinkIDimgLocationTypeTitelLiveThumbCountryCityLinkIDimgLocationTypeTitelLiveThumbCountryCityLinkIDimgLocationTypeTitelLiveThumbCountryCityLinkIDimgLocationTypeTitelLiveThumbCountryCityLinkIDimgLocationTypeTitelLiveThumbCountryCityLinkIDimgLocationTypeTitelLiveThumbCountryCityLinkIDimgLocationTypeTitelLiveThumbCountryCityLinkIDimgLocationTypeTitelLiveThumbCountryCityLinkIDimgLocationTypeTitelLiveThumbCountryCityLinkIDimgLocationTypeTitelLiveThumbCountryCityLinkIDimgLocationTypeTitelLiveThumbCountryCityLinkIDimgLocationTypeTitelLiveThumbCountryCityLinkIDimgLocationTypeTitelLiveThumbCountryCityLinkIDimgLocationTypeTitelLiveThumbCountryCityLinkIDimgLocationTypeTitelLiveThumbCountryCityLinkIDimgLocationTypeTitelLiveThumbCountryCityLinkIDimgLocationTypeTitelLiveThumbCountryCityLinkIDimgLocationTypeTitelLiveThumbCountryCityLinkIDimgLocationTypeTitelLiveThumbCountryCityLinkIDimgLocationTypeTitelLiveThumbCountryCityLinkIDimgLocationTypeTitelLiveThumbCountryCityLinkIDimgLocationTypeTitelLiveThumbCountryCityLinkIDimgLocationTypeTitelLiveThumbCountryCityLinkIDimgLocationTypeTitelLiveThumbCountryCityLinkIDimgLocationTypeTitelLiveThumbCountryCityLinkIDimgLocationTypeTitelLiveThumbCountryCityLinkIDimgLocationTypeTitelLiveThumbCountryCityLinkIDimgLocationTypeTitelLiveThumbCountryCityLinkIDimgLocationTypeTitelLiveThumbCountryCityLinkIDimgLocationTypeTitelLiveThumbCountryCityLinkIDimgLocationTypeTitelLiveThumbCountryCityLinkIDimgLocationTypeTitelLiveThumbCountryCityLinkIDimgLocationTypeTitelLiveThumbCountryCityLinkIDimgLocationTypeTitelLiveThumbCountryCityLinkIDimgLocationTypeTitelLiveThumbCountryCityLinkIDimgLocationTypeTitelLiveThumbCountryCityLinkIDimgLocationTypeTitelLiveThumbCountryCityLinkIDimgLocationTypeTitelLiveThumbCountryCityLinkIDimgLocationTypeTitelLiveThumbCountryCityLinkIDimgLocationTypeTitelLiveThumbCountryCityLinkIDimgLocationTypeTitelLiveThumbCountryCityLinkIDimgLocationTypeTitelLiveThumbCountryCityLinkIDimgLocationTypeTitelLiveThumbCountryCityLinkIDimgLocationTypeTitelLiveThumbCountryCityLinkIDimgLocationTypeTitelLiveThumbCountryCityLinkwww.ustream.tv,washington,united states
IDimgLocationTypeTitelLiveThumbCountryCityLinkno.jpg,groton,united states
no.jpg,augusta,united states
no.jpg,new york city,united states
no.jpg,palo alto,united states
no.jpg,kernersville,united states
IDimgLocationTypeTitelLiveThumbCountryCityLinkIDimgLocationTypeTitelLiveThumbCountryCityLinkIDimgLocationTypeTitelLiveThumbCountryCityLinkIDimgLocationTypeTitelLiveThumbCountryCityLinkIDimgLocationTypeTitelLiveThumbCountryCityLinkpublic.earthcam.net,key west,united states
relay.ozolio.com,key west,united states
img.insecam.org,charleston,united states
img.insecam.org,sarasota,united states
img.insecam.org,charleston,united states
img.insecam.org,sun valley,united states
no.jpg,panama city,united states
no.jpg,elizabethtown,united states
no.jpg,port saint lucie,united states
no.jpg,compton,united states
IDimgLocationTypeTitelLiveThumbCountryCityLinkrtsp.me,bradenton beach,united states
IDimgLocationTypeTitelLiveThumbCountryCityLinkwebcam3180.ima.umn.edu,minneapolis,united states
sciencecentercam.fas.harvard.edu,cambridge,united states
media.bestfriendspetcare.com,lake buena vista,united states
media.bestfriendspetcare.com,lake buena vista,united states
media.bestfriendspetcare.com,lake buena vista,united states
media.bestfriendspetcare.com,lake buena vista,united states
media.bestfriendspetcare.com,lake buena vista,united states
media.bestfriendspetcare.com,lake buena vista,united states
media.bestfriendspetcare.com,lake buena vista,united states
media.bestfriendspetcare.com,lake buena vista,united states
media.bestfriendspetcare.com,lake buena vista,united states
cam.wannman.com,miami,united states
cam.wannman.com,miami beach,united states
www.youtube.com,flagstaff,united states
webtv.feratel.com,highmount,united states
webtv.feratel.com,windham,united states
webtv.feratel.com,tannersville,united states
www.youtube.com,alaska,united states
www.youtube.com,honolulu,united states
www.youtube.com,la plata,united states
www.youtube.com,ocean city,united states
www.youtube.com,harpursville,united states
www.youtube.com,santa monica,united states
www.youtube.com,anaheim,united states
www.youtube.com,key west,united states
www.youtube.com,tampa,united states
www.youtube.com,bangor,united states
www.youtube.com,altoona,united states
blacksnow.serveftp.net,buena park,united states
lobbycam.ludlums.com,tyler,united states
p200cam.palomar.caltech.edu,palomar mountain,united states
wood1.axiscam.net,sunnyvale,united states
cam.balloonfacility.com,fort sumner,united states
airportcam.puc.edu,angwin,united states
foodcam.media.mit.edu,cambridge,united states
susandennis.noip.me,seattle,united states
webcam4.mmto.arizona.edu,tucson (mt. hopkins),united states
webcam1.bowdoin.edu,brunswick,united states
webcam02.ecn.purdue.edu,west lafayette,united states
camera.buffalotrace.com,frankfort,united states
camera6.buffalotrace.com,frankfort,united states
camera5.buffalotrace.com,frankfort,united states
dlmainstreetwebcam.gondtc.com,devils lake,united states
traf2.murfreesborotn.gov,murfreesboro,united states
sciencecentercam.fas.harvard.edu,cambridge,united states
webcam01.ecn.purdue.edu,west lafayette,united states
postcam383.viewnetcam.com,sharon,united states
donitas.viewnetcam.com,crested butte,united states
beach.sandestinwebcam.com,miramar beach,united states
alwebcam.bulib.bloomu.edu,bloomsburg,united states
dcccam.winthrop.edu,rock hill,united states
webcam.atlanticeyrielodge.com,bar harbor,united states
cnccgolf.axiscam.net,windham,united states
webcam.apexnc.org,apex,united states
dogsaspen.dyndns.org,aspen,united states
dogsaspen.dyndns.org,aspen,united states
cemrcam1.cemr.wvu.edu,morgantown,united states
itwebcamcp700.fullerton.edu,fullerton,united states
cam3983000.viewnetcam.com,creede,united states
strikelodge.viewnetcam.com,park city,united states
snowbowl.dyndns.org,camden,united states
woodchuckcentral.axiscam.net,montpelier,united states
flightcam2.pr.erau.edu,prescott,united states
dogsaspen.dyndns.org,aspen,united states
tshattuck.viewnetcam.com,clay,united states
wmocam.bssd.org,white mountain,united states
wanetalake.homeip.net,wayne,united states
wc01a.monroecc.edu,rochester,united states
webcam.calstatela.edu,los angeles,united states
billcam.axiscam.net,alaska,united states
cateye-down.msu.montana.edu,bozeman,united states
traf3.murfreesborotn.gov,murfreesboro,united states
ausable-huron.axiscam.net,au sable,united states
r-cam.uchicago.edu,chicago,united states
rachleff.org,pebble beach,united states
traf5.murfreesborotn.gov,murfreesboro,united states
weathercam.southlewis.org,turin,united states
buscam.uchicago.edu,chicago,united states
webcam2.cedarville.edu,alaska,united states
webcam3.cedarville.edu,cedarville,united states
quadcam.mville.edu,purchase,united states
traf1.murfreesborotn.gov,murfreesboro,united states
skycam.admin.iastate.edu,ames,united states
constructioncam.winthrop.edu,rock hill,united states
grovecam.iup.edu,indiana,united states
webcam.sonoma.edu,rohnert park,united states
fremontca.axiscam.net,fremont,united states
mallcam.mlc-wels.edu,new ulm,united states
lioncam2.lmu.edu,los angeles,united states
lakecam.gondtc.com,devils lake,united states
mcdcam-dimm.as.utexas.edu,fort davis,united states
climatecam.gi.alaska.edu,fairbanks,united states
scenic.saw.net,stevenson,united states
narr-cam.liladelman.com,narragansett,united states
webcam1.pr.erau.edu,prescott,united states
camera2.buffalotrace.com,frankfort,united states
c-cam.uchicago.edu,chicago,united states
spyglasshill.com,holland,united states
avptcam.uconn.edu,groton,united states
webcam-2.hartford.edu,west hartford,united states
apconcam1.apsu.edu,clarksville,united states
dav-200-cam-1.ce.berkeley.edu,berkeley,united states
dav-200-cam-2.ce.berkeley.edu,berkeley,united states
sportisland1.viewnetcam.com,northville,united states
cam7520020.viewnetcam.com,nantucket,united states
lodgeatls1.axiscam.net,sturgeon bay,united states
nineofharts.axiscam.net,twain harte,united states
delivery8.corvettemuseum.com,bowling green,united states
webcam.oldetownepetresort.com,claremore,united states
webcams.norwich.edu,northfield,united states
bes2767-2.viewnetcam.com,waterloo,united states
delivery5.corvettemuseum.com,bowling green,united states
delivery4.corvettemuseum.com,bowling green,united states
webcam01.columbusstate.edu,columbus,united states
pswebcam.bbhlabs.com,sanibel island,united states
webcam5.mmto.arizona.edu,tucson,united states
hdswc-plaza.housing.ksu.edu,manhattan,united states
diocam.bssd.org,little diomede,united states
greenhousecam.hort.cornell.edu,ithaca,united states
webcam.erieyachtclub.org,erie,united states
mountaincam.coolcybercats.com,helena,united states
monumentcam.kdhnc.com,kill devil hills,united states
thedunesonthewaterfront.no-ip.info,ogunquit,united states
webcam.vi.wheeling.il.us,wheeling,united states
wmccpinetop.axiscam.net,pinetop,united states
camera3.buffalotrace.com,frankfort,united states
towercam.uu.edu,jackson,united states
higginsbeachproperties.com,scarborough,united states
quadcam.unrfound.unr.edu,reno,united states
mu.webcam.oregonstate.edu,corvallis,united states
statenisland.dnsalias.net,staten island,united states
wc2.dartmouth.edu,hanover,united states
cam3.isa-inc.com,louisville,united states
norwalk.axiscam.net,norwalk,united states
ludington.axiscam.net,ludington,united states
sunapee.dyndns.org,sunapee,united states
flightcam1.pr.erau.edu,prescott,united states
stackscam.lib.wsc.ma.edu,westfield,united states
bjm.byy.com,branford,united states
webcam1.lpl.org,liverpool,united states
webcam.ci.schaumburg.il.us,schaumburg,united states
madisoncam.viewnetcam.com,jersey city,united states
ausblick.axiscam.net,sussex,united states
webcam01.bigskyresort.com,big sky,united states
hncam1.hn.psu.edu,hazelton,united states
airportcam.puc.edu,angwin,united states
www.centennialbulb.org,livermore,united states
camera.britta.com,falmouth,united states
wwc.instacam.com,washington,united states
about.brooklyn.ru,new york,united states
www.vlba.nrao.edu,hancock,united states
www.newfoundlakeweather.com,bridgewater,united states
www.portfridayharbor.org,lopez island,united states
volcanoes.usgs.gov,kīlauea,united states
www.avo.alaska.edu,alaska,united states
avo.alaska.edu,alaska,united states
avo.alaska.edu,alaska,united states
mthamilton.ucolick.org,san jose,united states
www.tradewindsrealty.com,chester village,united states
www.tradewindsrealty.com,chester village,united states
no.jpg,can tho,vietnam
no.jpg,hanoi,vietnam
no.jpg,phuoc lap,vietnam
no.jpg,phuoc lap,vietnam
no.jpg,thu dau mot,vietnam
no.jpg,cao bang,vietnam
no.jpg,ho chi minh city,vietnam
no.jpg,ho chi minh city,vietnam
no.jpg,ca mau,vietnam
no.jpg,ho chi minh city,vietnam
no.jpg,cao lanh,vietnam
